[
    {
        "pk": 20, 
        "model": "contenttypes.contenttype", 
        "fields": {
            "model": "activity", 
            "name": "activity", 
            "app_label": "lrs"
        }
    }, 
    {
        "pk": 24, 
        "model": "contenttypes.contenttype", 
        "fields": {
            "model": "activity_def_correctresponsespattern", 
            "name": "activity_def_correctresponsespattern", 
            "app_label": "lrs"
        }
    }, 
    {
        "pk": 23, 
        "model": "contenttypes.contenttype", 
        "fields": {
            "model": "activity_definition", 
            "name": "activity_definition", 
            "app_label": "lrs"
        }
    }, 
    {
        "pk": 26, 
        "model": "contenttypes.contenttype", 
        "fields": {
            "model": "activity_definition_choice", 
            "name": "activity_definition_choice", 
            "app_label": "lrs"
        }
    }, 
    {
        "pk": 27, 
        "model": "contenttypes.contenttype", 
        "fields": {
            "model": "activity_definition_scale", 
            "name": "activity_definition_scale", 
            "app_label": "lrs"
        }
    }, 
    {
        "pk": 28, 
        "model": "contenttypes.contenttype", 
        "fields": {
            "model": "activity_definition_source", 
            "name": "activity_definition_source", 
            "app_label": "lrs"
        }
    }, 
    {
        "pk": 30, 
        "model": "contenttypes.contenttype", 
        "fields": {
            "model": "activity_definition_step", 
            "name": "activity_definition_step", 
            "app_label": "lrs"
        }
    }, 
    {
        "pk": 29, 
        "model": "contenttypes.contenttype", 
        "fields": {
            "model": "activity_definition_target", 
            "name": "activity_definition_target", 
            "app_label": "lrs"
        }
    }, 
    {
        "pk": 35, 
        "model": "contenttypes.contenttype", 
        "fields": {
            "model": "activity_profile", 
            "name": "activity_profile", 
            "app_label": "lrs"
        }
    }, 
    {
        "pk": 34, 
        "model": "contenttypes.contenttype", 
        "fields": {
            "model": "activity_state", 
            "name": "activity_state", 
            "app_label": "lrs"
        }
    }, 
    {
        "pk": 17, 
        "model": "contenttypes.contenttype", 
        "fields": {
            "model": "agent", 
            "name": "agent", 
            "app_label": "lrs"
        }
    }, 
    {
        "pk": 18, 
        "model": "contenttypes.contenttype", 
        "fields": {
            "model": "agent_account", 
            "name": "agent_account", 
            "app_label": "lrs"
        }
    }, 
    {
        "pk": 19, 
        "model": "contenttypes.contenttype", 
        "fields": {
            "model": "agent_profile", 
            "name": "agent_profile", 
            "app_label": "lrs"
        }
    }, 
    {
        "pk": 8, 
        "model": "contenttypes.contenttype", 
        "fields": {
            "model": "consumer", 
            "name": "consumer", 
            "app_label": "lrs"
        }
    }, 
    {
        "pk": 4, 
        "model": "contenttypes.contenttype", 
        "fields": {
            "model": "contenttype", 
            "name": "content type", 
            "app_label": "contenttypes"
        }
    }, 
    {
        "pk": 33, 
        "model": "contenttypes.contenttype", 
        "fields": {
            "model": "context", 
            "name": "context", 
            "app_label": "lrs"
        }
    }, 
    {
        "pk": 32, 
        "model": "contenttypes.contenttype", 
        "fields": {
            "model": "contextactivity", 
            "name": "context activity", 
            "app_label": "lrs"
        }
    }, 
    {
        "pk": 25, 
        "model": "contenttypes.contenttype", 
        "fields": {
            "model": "correctresponsespattern_answer", 
            "name": "correctresponsespattern_answer", 
            "app_label": "lrs"
        }
    }, 
    {
        "pk": 22, 
        "model": "contenttypes.contenttype", 
        "fields": {
            "model": "desc_lang", 
            "name": "desc_lang", 
            "app_label": "lrs"
        }
    }, 
    {
        "pk": 13, 
        "model": "contenttypes.contenttype", 
        "fields": {
            "model": "extensions", 
            "name": "extensions", 
            "app_label": "lrs"
        }
    }, 
    {
        "pk": 2, 
        "model": "contenttypes.contenttype", 
        "fields": {
            "model": "group", 
            "name": "group", 
            "app_label": "auth"
        }
    }, 
    {
        "pk": 11, 
        "model": "contenttypes.contenttype", 
        "fields": {
            "model": "languagemap", 
            "name": "language map", 
            "app_label": "lrs"
        }
    }, 
    {
        "pk": 38, 
        "model": "contenttypes.contenttype", 
        "fields": {
            "model": "logentry", 
            "name": "log entry", 
            "app_label": "admin"
        }
    }, 
    {
        "pk": 21, 
        "model": "contenttypes.contenttype", 
        "fields": {
            "model": "name_lang", 
            "name": "name_lang", 
            "app_label": "lrs"
        }
    }, 
    {
        "pk": 7, 
        "model": "contenttypes.contenttype", 
        "fields": {
            "model": "nonce", 
            "name": "nonce", 
            "app_label": "lrs"
        }
    }, 
    {
        "pk": 1, 
        "model": "contenttypes.contenttype", 
        "fields": {
            "model": "permission", 
            "name": "permission", 
            "app_label": "auth"
        }
    }, 
    {
        "pk": 14, 
        "model": "contenttypes.contenttype", 
        "fields": {
            "model": "result", 
            "name": "result", 
            "app_label": "lrs"
        }
    }, 
    {
        "pk": 15, 
        "model": "contenttypes.contenttype", 
        "fields": {
            "model": "score", 
            "name": "score", 
            "app_label": "lrs"
        }
    }, 
    {
        "pk": 5, 
        "model": "contenttypes.contenttype", 
        "fields": {
            "model": "session", 
            "name": "session", 
            "app_label": "sessions"
        }
    }, 
    {
        "pk": 6, 
        "model": "contenttypes.contenttype", 
        "fields": {
            "model": "site", 
            "name": "site", 
            "app_label": "sites"
        }
    }, 
    {
        "pk": 37, 
        "model": "contenttypes.contenttype", 
        "fields": {
            "model": "statement", 
            "name": "statement", 
            "app_label": "lrs"
        }
    }, 
    {
        "pk": 16, 
        "model": "contenttypes.contenttype", 
        "fields": {
            "model": "statement_object", 
            "name": "statement_object", 
            "app_label": "lrs"
        }
    }, 
    {
        "pk": 31, 
        "model": "contenttypes.contenttype", 
        "fields": {
            "model": "statementref", 
            "name": "statement ref", 
            "app_label": "lrs"
        }
    }, 
    {
        "pk": 36, 
        "model": "contenttypes.contenttype", 
        "fields": {
            "model": "substatement", 
            "name": "sub statement", 
            "app_label": "lrs"
        }
    }, 
    {
        "pk": 10, 
        "model": "contenttypes.contenttype", 
        "fields": {
            "model": "systemaction", 
            "name": "system action", 
            "app_label": "lrs"
        }
    }, 
    {
        "pk": 9, 
        "model": "contenttypes.contenttype", 
        "fields": {
            "model": "token", 
            "name": "token", 
            "app_label": "lrs"
        }
    }, 
    {
        "pk": 3, 
        "model": "contenttypes.contenttype", 
        "fields": {
            "model": "user", 
            "name": "user", 
            "app_label": "auth"
        }
    }, 
    {
        "pk": 12, 
        "model": "contenttypes.contenttype", 
        "fields": {
            "model": "verb", 
            "name": "verb", 
            "app_label": "lrs"
        }
    }, 
    {
        "pk": "162832ba80759e8cb249084b95bb1f50", 
        "model": "sessions.session", 
        "fields": {
            "session_data": "MzEyM2ZhYmVkNjdlY2ZlYTIwMWZjM2ZhZjZmYmE1N2E1ZGVjNjc2NzqAAn1xAShVEl9hdXRoX3Vz\nZXJfYmFja2VuZHECVSlkamFuZ28uY29udHJpYi5hdXRoLmJhY2tlbmRzLk1vZGVsQmFja2VuZHED\nVQ1fYXV0aF91c2VyX2lkcQRLAXUu\n", 
            "expire_date": "2013-04-22T21:20:08.831Z"
        }
    }, 
    {
        "pk": 1, 
        "model": "sites.site", 
        "fields": {
            "domain": "example.com", 
            "name": "example.com"
        }
    }, 
    {
        "pk": 1, 
        "model": "lrs.languagemap", 
        "fields": {
            "key": "en-US", 
            "value": "started", 
            "content_type": 12, 
            "object_id": 1
        }
    }, 
    {
        "pk": 2, 
        "model": "lrs.languagemap", 
        "fields": {
            "key": "en-US", 
            "value": "passed", 
            "content_type": 12, 
            "object_id": 2
        }
    }, 
    {
        "pk": 3, 
        "model": "lrs.languagemap", 
        "fields": {
            "key": "en-US", 
            "value": "finished", 
            "content_type": 12, 
            "object_id": 3
        }
    }, 
    {
        "pk": 5, 
        "model": "lrs.languagemap", 
        "fields": {
            "key": "en-US", 
            "value": "sighted", 
            "content_type": 12, 
            "object_id": 5
        }
    }, 
    {
        "pk": 8, 
        "model": "lrs.languagemap", 
        "fields": {
            "key": "en-US", 
            "value": "high-fived", 
            "content_type": 12, 
            "object_id": 8
        }
    }, 
    {
        "pk": 9, 
        "model": "lrs.languagemap", 
        "fields": {
            "key": "en-US", 
            "value": "frowned upon", 
            "content_type": 12, 
            "object_id": 9
        }
    }, 
    {
        "pk": 10, 
        "model": "lrs.languagemap", 
        "fields": {
            "key": "en-US", 
            "value": "started", 
            "content_type": 12, 
            "object_id": 10
        }
    }, 
    {
        "pk": 13, 
        "model": "lrs.languagemap", 
        "fields": {
            "key": "en-US", 
            "value": "nixed", 
            "content_type": 12, 
            "object_id": 13
        }
    }, 
    {
        "pk": 14, 
        "model": "lrs.languagemap", 
        "fields": {
            "key": "en-US", 
            "value": "hax0r5", 
            "content_type": 12, 
            "object_id": 14
        }
    }, 
    {
        "pk": 1, 
        "model": "lrs.verb", 
        "fields": {
            "verb_id": "http://adlnet.gov/xapi/verbs/attempted"
        }
    }, 
    {
        "pk": 2, 
        "model": "lrs.verb", 
        "fields": {
            "verb_id": "http://adlnet.gov/xapi/verbs/passed(to_go_beyond)"
        }
    }, 
    {
        "pk": 3, 
        "model": "lrs.verb", 
        "fields": {
            "verb_id": "http://adlnet.gov/xapi/verbs/completed"
        }
    }, 
    {
        "pk": 5, 
        "model": "lrs.verb", 
        "fields": {
            "verb_id": "http://imaginarium.adlnet.gov/xapi/verbs/sighted"
        }
    }, 
    {
        "pk": 8, 
        "model": "lrs.verb", 
        "fields": {
            "verb_id": "http://special.adlnet.gov/xapi/verbs/high-fived"
        }
    }, 
    {
        "pk": 9, 
        "model": "lrs.verb", 
        "fields": {
            "verb_id": "http://special.adlnet.gov/xapi/verbs/frowned"
        }
    }, 
    {
        "pk": 10, 
        "model": "lrs.verb", 
        "fields": {
            "verb_id": "http://special.adlnet.gov/xapi/verbs/started"
        }
    }, 
    {
        "pk": 13, 
        "model": "lrs.verb", 
        "fields": {
            "verb_id": "http://special.adlnet.gov/xapi/verbs/stopped"
        }
    }, 
    {
        "pk": 14, 
        "model": "lrs.verb", 
        "fields": {
            "verb_id": "http://special.adlnet.gov/xapi/verbs/hacked"
        }
    }, 
    {
        "pk": 1, 
        "model": "lrs.extensions", 
        "fields": {
            "key": "ext:apm", 
            "value": "495", 
            "content_type": 14, 
            "object_id": 1
        }
    }, 
    {
        "pk": 2, 
        "model": "lrs.extensions", 
        "fields": {
            "key": "ext:lines", 
            "value": "0", 
            "content_type": 14, 
            "object_id": 1
        }
    }, 
    {
        "pk": 3, 
        "model": "lrs.extensions", 
        "fields": {
            "key": "ext:time", 
            "value": "27", 
            "content_type": 14, 
            "object_id": 1
        }
    }, 
    {
        "pk": 4, 
        "model": "lrs.extensions", 
        "fields": {
            "key": "ext:apm", 
            "value": "353", 
            "content_type": 14, 
            "object_id": 2
        }
    }, 
    {
        "pk": 5, 
        "model": "lrs.extensions", 
        "fields": {
            "key": "ext:lines", 
            "value": "4", 
            "content_type": 14, 
            "object_id": 2
        }
    }, 
    {
        "pk": 6, 
        "model": "lrs.extensions", 
        "fields": {
            "key": "ext:time", 
            "value": "69", 
            "content_type": 14, 
            "object_id": 2
        }
    }, 
    {
        "pk": 7, 
        "model": "lrs.extensions", 
        "fields": {
            "key": "ext:apm", 
            "value": "328", 
            "content_type": 14, 
            "object_id": 3
        }
    }, 
    {
        "pk": 8, 
        "model": "lrs.extensions", 
        "fields": {
            "key": "ext:lines", 
            "value": "4", 
            "content_type": 14, 
            "object_id": 3
        }
    }, 
    {
        "pk": 9, 
        "model": "lrs.extensions", 
        "fields": {
            "key": "ext:time", 
            "value": "106", 
            "content_type": 14, 
            "object_id": 3
        }
    }, 
    {
        "pk": 10, 
        "model": "lrs.extensions", 
        "fields": {
            "key": "ext:apm", 
            "value": "306", 
            "content_type": 14, 
            "object_id": 4
        }
    }, 
    {
        "pk": 11, 
        "model": "lrs.extensions", 
        "fields": {
            "key": "ext:lines", 
            "value": "15", 
            "content_type": 14, 
            "object_id": 4
        }
    }, 
    {
        "pk": 12, 
        "model": "lrs.extensions", 
        "fields": {
            "key": "ext:time", 
            "value": "150", 
            "content_type": 14, 
            "object_id": 4
        }
    }, 
    {
        "pk": 13, 
        "model": "lrs.extensions", 
        "fields": {
            "key": "ext:apm", 
            "value": "305", 
            "content_type": 14, 
            "object_id": 5
        }
    }, 
    {
        "pk": 14, 
        "model": "lrs.extensions", 
        "fields": {
            "key": "ext:lines", 
            "value": "24", 
            "content_type": 14, 
            "object_id": 5
        }
    }, 
    {
        "pk": 15, 
        "model": "lrs.extensions", 
        "fields": {
            "key": "ext:time", 
            "value": "203", 
            "content_type": 14, 
            "object_id": 5
        }
    }, 
    {
        "pk": 16, 
        "model": "lrs.extensions", 
        "fields": {
            "key": "ext:apm", 
            "value": "295", 
            "content_type": 14, 
            "object_id": 6
        }
    }, 
    {
        "pk": 17, 
        "model": "lrs.extensions", 
        "fields": {
            "key": "ext:lines", 
            "value": "28", 
            "content_type": 14, 
            "object_id": 6
        }
    }, 
    {
        "pk": 18, 
        "model": "lrs.extensions", 
        "fields": {
            "key": "ext:time", 
            "value": "252", 
            "content_type": 14, 
            "object_id": 6
        }
    }, 
    {
        "pk": 19, 
        "model": "lrs.extensions", 
        "fields": {
            "key": "ext:apm", 
            "value": "261", 
            "content_type": 14, 
            "object_id": 7
        }
    }, 
    {
        "pk": 20, 
        "model": "lrs.extensions", 
        "fields": {
            "key": "ext:lines", 
            "value": "36", 
            "content_type": 14, 
            "object_id": 7
        }
    }, 
    {
        "pk": 21, 
        "model": "lrs.extensions", 
        "fields": {
            "key": "ext:time", 
            "value": "313", 
            "content_type": 14, 
            "object_id": 7
        }
    }, 
    {
        "pk": 22, 
        "model": "lrs.extensions", 
        "fields": {
            "key": "ext:apm", 
            "value": "247", 
            "content_type": 14, 
            "object_id": 8
        }
    }, 
    {
        "pk": 23, 
        "model": "lrs.extensions", 
        "fields": {
            "key": "ext:lines", 
            "value": "47", 
            "content_type": 14, 
            "object_id": 8
        }
    }, 
    {
        "pk": 24, 
        "model": "lrs.extensions", 
        "fields": {
            "key": "ext:time", 
            "value": "374", 
            "content_type": 14, 
            "object_id": 8
        }
    }, 
    {
        "pk": 25, 
        "model": "lrs.extensions", 
        "fields": {
            "key": "ext:apm", 
            "value": "250", 
            "content_type": 14, 
            "object_id": 9
        }
    }, 
    {
        "pk": 26, 
        "model": "lrs.extensions", 
        "fields": {
            "key": "ext:lines", 
            "value": "57", 
            "content_type": 14, 
            "object_id": 9
        }
    }, 
    {
        "pk": 27, 
        "model": "lrs.extensions", 
        "fields": {
            "key": "ext:time", 
            "value": "435", 
            "content_type": 14, 
            "object_id": 9
        }
    }, 
    {
        "pk": 28, 
        "model": "lrs.extensions", 
        "fields": {
            "key": "ext:apm", 
            "value": "251", 
            "content_type": 14, 
            "object_id": 10
        }
    }, 
    {
        "pk": 29, 
        "model": "lrs.extensions", 
        "fields": {
            "key": "ext:lines", 
            "value": "68", 
            "content_type": 14, 
            "object_id": 10
        }
    }, 
    {
        "pk": 30, 
        "model": "lrs.extensions", 
        "fields": {
            "key": "ext:time", 
            "value": "503", 
            "content_type": 14, 
            "object_id": 10
        }
    }, 
    {
        "pk": 31, 
        "model": "lrs.extensions", 
        "fields": {
            "key": "ext:apm", 
            "value": "238", 
            "content_type": 14, 
            "object_id": 11
        }
    }, 
    {
        "pk": 32, 
        "model": "lrs.extensions", 
        "fields": {
            "key": "ext:lines", 
            "value": "77", 
            "content_type": 14, 
            "object_id": 11
        }
    }, 
    {
        "pk": 33, 
        "model": "lrs.extensions", 
        "fields": {
            "key": "ext:time", 
            "value": "578", 
            "content_type": 14, 
            "object_id": 11
        }
    }, 
    {
        "pk": 34, 
        "model": "lrs.extensions", 
        "fields": {
            "key": "ext:apm", 
            "value": "240", 
            "content_type": 14, 
            "object_id": 12
        }
    }, 
    {
        "pk": 35, 
        "model": "lrs.extensions", 
        "fields": {
            "key": "ext:lines", 
            "value": "85", 
            "content_type": 14, 
            "object_id": 12
        }
    }, 
    {
        "pk": 36, 
        "model": "lrs.extensions", 
        "fields": {
            "key": "ext:time", 
            "value": "644", 
            "content_type": 14, 
            "object_id": 12
        }
    }, 
    {
        "pk": 37, 
        "model": "lrs.extensions", 
        "fields": {
            "key": "ext:apm", 
            "value": "236", 
            "content_type": 14, 
            "object_id": 13
        }
    }, 
    {
        "pk": 38, 
        "model": "lrs.extensions", 
        "fields": {
            "key": "ext:lines", 
            "value": "101", 
            "content_type": 14, 
            "object_id": 13
        }
    }, 
    {
        "pk": 39, 
        "model": "lrs.extensions", 
        "fields": {
            "key": "ext:time", 
            "value": "720", 
            "content_type": 14, 
            "object_id": 13
        }
    }, 
    {
        "pk": 40, 
        "model": "lrs.extensions", 
        "fields": {
            "key": "ext:apm", 
            "value": "239", 
            "content_type": 14, 
            "object_id": 14
        }
    }, 
    {
        "pk": 41, 
        "model": "lrs.extensions", 
        "fields": {
            "key": "ext:lines", 
            "value": "115", 
            "content_type": 14, 
            "object_id": 14
        }
    }, 
    {
        "pk": 42, 
        "model": "lrs.extensions", 
        "fields": {
            "key": "ext:time", 
            "value": "794", 
            "content_type": 14, 
            "object_id": 14
        }
    }, 
    {
        "pk": 43, 
        "model": "lrs.extensions", 
        "fields": {
            "key": "ext:apm", 
            "value": "244", 
            "content_type": 14, 
            "object_id": 15
        }
    }, 
    {
        "pk": 44, 
        "model": "lrs.extensions", 
        "fields": {
            "key": "ext:lines", 
            "value": "128", 
            "content_type": 14, 
            "object_id": 15
        }
    }, 
    {
        "pk": 45, 
        "model": "lrs.extensions", 
        "fields": {
            "key": "ext:time", 
            "value": "869", 
            "content_type": 14, 
            "object_id": 15
        }
    }, 
    {
        "pk": 46, 
        "model": "lrs.extensions", 
        "fields": {
            "key": "ext:apm", 
            "value": "242", 
            "content_type": 14, 
            "object_id": 16
        }
    }, 
    {
        "pk": 47, 
        "model": "lrs.extensions", 
        "fields": {
            "key": "ext:lines", 
            "value": "141", 
            "content_type": 14, 
            "object_id": 16
        }
    }, 
    {
        "pk": 48, 
        "model": "lrs.extensions", 
        "fields": {
            "key": "ext:time", 
            "value": "955", 
            "content_type": 14, 
            "object_id": 16
        }
    }, 
    {
        "pk": 49, 
        "model": "lrs.extensions", 
        "fields": {
            "key": "ext:apm", 
            "value": "247", 
            "content_type": 14, 
            "object_id": 17
        }
    }, 
    {
        "pk": 50, 
        "model": "lrs.extensions", 
        "fields": {
            "key": "ext:lines", 
            "value": "155", 
            "content_type": 14, 
            "object_id": 17
        }
    }, 
    {
        "pk": 51, 
        "model": "lrs.extensions", 
        "fields": {
            "key": "ext:time", 
            "value": "1036", 
            "content_type": 14, 
            "object_id": 17
        }
    }, 
    {
        "pk": 52, 
        "model": "lrs.extensions", 
        "fields": {
            "key": "ext:apm", 
            "value": "241", 
            "content_type": 14, 
            "object_id": 18
        }
    }, 
    {
        "pk": 53, 
        "model": "lrs.extensions", 
        "fields": {
            "key": "ext:lines", 
            "value": "165", 
            "content_type": 14, 
            "object_id": 18
        }
    }, 
    {
        "pk": 54, 
        "model": "lrs.extensions", 
        "fields": {
            "key": "ext:time", 
            "value": "1119", 
            "content_type": 14, 
            "object_id": 18
        }
    }, 
    {
        "pk": 55, 
        "model": "lrs.extensions", 
        "fields": {
            "key": "ext:level", 
            "value": "19", 
            "content_type": 14, 
            "object_id": 19
        }
    }, 
    {
        "pk": 56, 
        "model": "lrs.extensions", 
        "fields": {
            "key": "ext:apm", 
            "value": "241", 
            "content_type": 14, 
            "object_id": 19
        }
    }, 
    {
        "pk": 57, 
        "model": "lrs.extensions", 
        "fields": {
            "key": "ext:lines", 
            "value": "165", 
            "content_type": 14, 
            "object_id": 19
        }
    }, 
    {
        "pk": 58, 
        "model": "lrs.extensions", 
        "fields": {
            "key": "ext:time", 
            "value": "1128", 
            "content_type": 14, 
            "object_id": 19
        }
    }, 
    {
        "pk": 1, 
        "model": "lrs.result", 
        "fields": {
            "completion": null, 
            "success": null, 
            "object_id": 5, 
            "content_type": 37, 
            "duration": "", 
            "response": ""
        }
    }, 
    {
        "pk": 2, 
        "model": "lrs.result", 
        "fields": {
            "completion": null, 
            "success": null, 
            "object_id": 6, 
            "content_type": 37, 
            "duration": "", 
            "response": ""
        }
    }, 
    {
        "pk": 3, 
        "model": "lrs.result", 
        "fields": {
            "completion": null, 
            "success": null, 
            "object_id": 7, 
            "content_type": 37, 
            "duration": "", 
            "response": ""
        }
    }, 
    {
        "pk": 4, 
        "model": "lrs.result", 
        "fields": {
            "completion": null, 
            "success": null, 
            "object_id": 8, 
            "content_type": 37, 
            "duration": "", 
            "response": ""
        }
    }, 
    {
        "pk": 5, 
        "model": "lrs.result", 
        "fields": {
            "completion": null, 
            "success": null, 
            "object_id": 9, 
            "content_type": 37, 
            "duration": "", 
            "response": ""
        }
    }, 
    {
        "pk": 6, 
        "model": "lrs.result", 
        "fields": {
            "completion": null, 
            "success": null, 
            "object_id": 10, 
            "content_type": 37, 
            "duration": "", 
            "response": ""
        }
    }, 
    {
        "pk": 7, 
        "model": "lrs.result", 
        "fields": {
            "completion": null, 
            "success": null, 
            "object_id": 11, 
            "content_type": 37, 
            "duration": "", 
            "response": ""
        }
    }, 
    {
        "pk": 8, 
        "model": "lrs.result", 
        "fields": {
            "completion": null, 
            "success": null, 
            "object_id": 12, 
            "content_type": 37, 
            "duration": "", 
            "response": ""
        }
    }, 
    {
        "pk": 9, 
        "model": "lrs.result", 
        "fields": {
            "completion": null, 
            "success": null, 
            "object_id": 13, 
            "content_type": 37, 
            "duration": "", 
            "response": ""
        }
    }, 
    {
        "pk": 10, 
        "model": "lrs.result", 
        "fields": {
            "completion": null, 
            "success": null, 
            "object_id": 14, 
            "content_type": 37, 
            "duration": "", 
            "response": ""
        }
    }, 
    {
        "pk": 11, 
        "model": "lrs.result", 
        "fields": {
            "completion": null, 
            "success": null, 
            "object_id": 15, 
            "content_type": 37, 
            "duration": "", 
            "response": ""
        }
    }, 
    {
        "pk": 12, 
        "model": "lrs.result", 
        "fields": {
            "completion": null, 
            "success": null, 
            "object_id": 16, 
            "content_type": 37, 
            "duration": "", 
            "response": ""
        }
    }, 
    {
        "pk": 13, 
        "model": "lrs.result", 
        "fields": {
            "completion": null, 
            "success": null, 
            "object_id": 17, 
            "content_type": 37, 
            "duration": "", 
            "response": ""
        }
    }, 
    {
        "pk": 14, 
        "model": "lrs.result", 
        "fields": {
            "completion": null, 
            "success": null, 
            "object_id": 18, 
            "content_type": 37, 
            "duration": "", 
            "response": ""
        }
    }, 
    {
        "pk": 15, 
        "model": "lrs.result", 
        "fields": {
            "completion": null, 
            "success": null, 
            "object_id": 19, 
            "content_type": 37, 
            "duration": "", 
            "response": ""
        }
    }, 
    {
        "pk": 16, 
        "model": "lrs.result", 
        "fields": {
            "completion": null, 
            "success": null, 
            "object_id": 20, 
            "content_type": 37, 
            "duration": "", 
            "response": ""
        }
    }, 
    {
        "pk": 17, 
        "model": "lrs.result", 
        "fields": {
            "completion": null, 
            "success": null, 
            "object_id": 21, 
            "content_type": 37, 
            "duration": "", 
            "response": ""
        }
    }, 
    {
        "pk": 18, 
        "model": "lrs.result", 
        "fields": {
            "completion": null, 
            "success": null, 
            "object_id": 22, 
            "content_type": 37, 
            "duration": "", 
            "response": ""
        }
    }, 
    {
        "pk": 19, 
        "model": "lrs.result", 
        "fields": {
            "completion": null, 
            "success": null, 
            "object_id": 23, 
            "content_type": 37, 
            "duration": "", 
            "response": ""
        }
    }, 
    {
        "pk": 1, 
        "model": "lrs.score", 
        "fields": {
            "scaled": null, 
            "raw": 1062.0, 
            "score_min": 0.0, 
            "score_max": null, 
            "result": 1
        }
    }, 
    {
        "pk": 2, 
        "model": "lrs.score", 
        "fields": {
            "scaled": null, 
            "raw": 9972.0, 
            "score_min": 0.0, 
            "score_max": null, 
            "result": 2
        }
    }, 
    {
        "pk": 3, 
        "model": "lrs.score", 
        "fields": {
            "scaled": null, 
            "raw": 10900.0, 
            "score_min": 0.0, 
            "score_max": null, 
            "result": 3
        }
    }, 
    {
        "pk": 4, 
        "model": "lrs.score", 
        "fields": {
            "scaled": null, 
            "raw": 56016.0, 
            "score_min": 0.0, 
            "score_max": null, 
            "result": 4
        }
    }, 
    {
        "pk": 5, 
        "model": "lrs.score", 
        "fields": {
            "scaled": null, 
            "raw": 102536.0, 
            "score_min": 0.0, 
            "score_max": null, 
            "result": 5
        }
    }, 
    {
        "pk": 6, 
        "model": "lrs.score", 
        "fields": {
            "scaled": null, 
            "raw": 127768.0, 
            "score_min": 0.0, 
            "score_max": null, 
            "result": 6
        }
    }, 
    {
        "pk": 7, 
        "model": "lrs.score", 
        "fields": {
            "scaled": null, 
            "raw": 183984.0, 
            "score_min": 0.0, 
            "score_max": null, 
            "result": 7
        }
    }, 
    {
        "pk": 8, 
        "model": "lrs.score", 
        "fields": {
            "scaled": null, 
            "raw": 272881.0, 
            "score_min": 0.0, 
            "score_max": null, 
            "result": 8
        }
    }, 
    {
        "pk": 9, 
        "model": "lrs.score", 
        "fields": {
            "scaled": null, 
            "raw": 364953.0, 
            "score_min": 0.0, 
            "score_max": null, 
            "result": 9
        }
    }, 
    {
        "pk": 10, 
        "model": "lrs.score", 
        "fields": {
            "scaled": null, 
            "raw": 477263.0, 
            "score_min": 0.0, 
            "score_max": null, 
            "result": 10
        }
    }, 
    {
        "pk": 11, 
        "model": "lrs.score", 
        "fields": {
            "scaled": null, 
            "raw": 577111.0, 
            "score_min": 0.0, 
            "score_max": null, 
            "result": 11
        }
    }, 
    {
        "pk": 12, 
        "model": "lrs.score", 
        "fields": {
            "scaled": null, 
            "raw": 675355.0, 
            "score_min": 0.0, 
            "score_max": null, 
            "result": 12
        }
    }, 
    {
        "pk": 13, 
        "model": "lrs.score", 
        "fields": {
            "scaled": null, 
            "raw": 885173.0, 
            "score_min": 0.0, 
            "score_max": null, 
            "result": 13
        }
    }, 
    {
        "pk": 14, 
        "model": "lrs.score", 
        "fields": {
            "scaled": null, 
            "raw": 1084973.0, 
            "score_min": 0.0, 
            "score_max": null, 
            "result": 14
        }
    }, 
    {
        "pk": 15, 
        "model": "lrs.score", 
        "fields": {
            "scaled": null, 
            "raw": 1283813.0, 
            "score_min": 0.0, 
            "score_max": null, 
            "result": 15
        }
    }, 
    {
        "pk": 16, 
        "model": "lrs.score", 
        "fields": {
            "scaled": null, 
            "raw": 1494900.0, 
            "score_min": 0.0, 
            "score_max": null, 
            "result": 16
        }
    }, 
    {
        "pk": 17, 
        "model": "lrs.score", 
        "fields": {
            "scaled": null, 
            "raw": 1737916.0, 
            "score_min": 0.0, 
            "score_max": null, 
            "result": 17
        }
    }, 
    {
        "pk": 18, 
        "model": "lrs.score", 
        "fields": {
            "scaled": null, 
            "raw": 1918560.0, 
            "score_min": 0.0, 
            "score_max": null, 
            "result": 18
        }
    }, 
    {
        "pk": 19, 
        "model": "lrs.score", 
        "fields": {
            "scaled": null, 
            "raw": 1918560.0, 
            "score_min": 0.0, 
            "score_max": null, 
            "result": 19
        }
    }, 
    {
        "pk": 1, 
        "model": "lrs.statement_object", 
        "fields": {}
    }, 
    {
        "pk": 2, 
        "model": "lrs.statement_object", 
        "fields": {}
    }, 
    {
        "pk": 3, 
        "model": "lrs.statement_object", 
        "fields": {}
    }, 
    {
        "pk": 4, 
        "model": "lrs.statement_object", 
        "fields": {}
    }, 
    {
        "pk": 5, 
        "model": "lrs.statement_object", 
        "fields": {}
    }, 
    {
        "pk": 6, 
        "model": "lrs.statement_object", 
        "fields": {}
    }, 
    {
        "pk": 7, 
        "model": "lrs.statement_object", 
        "fields": {}
    }, 
    {
        "pk": 8, 
        "model": "lrs.statement_object", 
        "fields": {}
    }, 
    {
        "pk": 9, 
        "model": "lrs.statement_object", 
        "fields": {}
    }, 
    {
        "pk": 10, 
        "model": "lrs.statement_object", 
        "fields": {}
    }, 
    {
        "pk": 11, 
        "model": "lrs.statement_object", 
        "fields": {}
    }, 
    {
        "pk": 12, 
        "model": "lrs.statement_object", 
        "fields": {}
    }, 
    {
        "pk": 13, 
        "model": "lrs.statement_object", 
        "fields": {}
    }, 
    {
        "pk": 14, 
        "model": "lrs.statement_object", 
        "fields": {}
    }, 
    {
        "pk": 15, 
        "model": "lrs.statement_object", 
        "fields": {}
    }, 
    {
        "pk": 16, 
        "model": "lrs.statement_object", 
        "fields": {}
    }, 
    {
        "pk": 17, 
        "model": "lrs.statement_object", 
        "fields": {}
    }, 
    {
        "pk": 18, 
        "model": "lrs.statement_object", 
        "fields": {}
    }, 
    {
        "pk": 19, 
        "model": "lrs.statement_object", 
        "fields": {}
    }, 
    {
        "pk": 20, 
        "model": "lrs.statement_object", 
        "fields": {}
    }, 
    {
        "pk": 23, 
        "model": "lrs.statement_object", 
        "fields": {}
    }, 
    {
        "pk": 24, 
        "model": "lrs.statement_object", 
        "fields": {}
    }, 
    {
        "pk": 25, 
        "model": "lrs.statement_object", 
        "fields": {}
    }, 
    {
        "pk": 31, 
        "model": "lrs.statement_object", 
        "fields": {}
    }, 
    {
        "pk": 32, 
        "model": "lrs.statement_object", 
        "fields": {}
    }, 
    {
        "pk": 33, 
        "model": "lrs.statement_object", 
        "fields": {}
    }, 
    {
        "pk": 34, 
        "model": "lrs.statement_object", 
        "fields": {}
    }, 
    {
        "pk": 35, 
        "model": "lrs.statement_object", 
        "fields": {}
    }, 
    {
        "pk": 36, 
        "model": "lrs.statement_object", 
        "fields": {}
    }, 
    {
        "pk": 37, 
        "model": "lrs.statement_object", 
        "fields": {}
    }, 
    {
        "pk": 38, 
        "model": "lrs.statement_object", 
        "fields": {}
    }, 
    {
        "pk": 39, 
        "model": "lrs.statement_object", 
        "fields": {}
    }, 
    {
        "pk": 40, 
        "model": "lrs.statement_object", 
        "fields": {}
    }, 
    {
        "pk": 42, 
        "model": "lrs.statement_object", 
        "fields": {}
    }, 
    {
        "pk": 43, 
        "model": "lrs.statement_object", 
        "fields": {}
    }, 
    {
        "pk": 2, 
        "model": "lrs.agent", 
        "fields": {
            "openid": "", 
            "name": "tom", 
            "oauth_identifier": "", 
            "member": [
                31, 
                40
            ], 
            "mbox_sha1sum": "", 
            "global_representation": true, 
            "mbox": "mailto:tom@example.com", 
            "objectType": "Agent"
        }
    }, 
    {
        "pk": 24, 
        "model": "lrs.agent", 
        "fields": {
            "openid": "", 
            "name": "the stever", 
            "oauth_identifier": "", 
            "member": [], 
            "mbox_sha1sum": "", 
            "global_representation": true, 
            "mbox": "mailto:stever@example.com", 
            "objectType": "Agent"
        }
    }, 
    {
        "pk": 25, 
        "model": "lrs.agent", 
        "fields": {
            "openid": "", 
            "name": "louo", 
            "oauth_identifier": "", 
            "member": [
                40
            ], 
            "mbox_sha1sum": "", 
            "global_representation": true, 
            "mbox": "mailto:louo@example.com", 
            "objectType": "Agent"
        }
    }, 
    {
        "pk": 31, 
        "model": "lrs.agent", 
        "fields": {
            "openid": "", 
            "name": "the tourists", 
            "oauth_identifier": "", 
            "member": [
                33, 
                32, 
                2
            ], 
            "mbox_sha1sum": "", 
            "global_representation": true, 
            "mbox": "", 
            "objectType": "Group"
        }
    }, 
    {
        "pk": 32, 
        "model": "lrs.agent", 
        "fields": {
            "openid": "", 
            "name": "timmy", 
            "oauth_identifier": "", 
            "member": [
                31
            ], 
            "mbox_sha1sum": "", 
            "global_representation": true, 
            "mbox": "mailto:timmy@example.com", 
            "objectType": "Agent"
        }
    }, 
    {
        "pk": 33, 
        "model": "lrs.agent", 
        "fields": {
            "openid": "", 
            "name": "blobby", 
            "oauth_identifier": "", 
            "member": [
                31
            ], 
            "mbox_sha1sum": "", 
            "global_representation": true, 
            "mbox": "mailto:blobby@example.com", 
            "objectType": "Agent"
        }
    }, 
    {
        "pk": 35, 
        "model": "lrs.agent", 
        "fields": {
            "openid": "", 
            "name": "Managers", 
            "oauth_identifier": "", 
            "member": [
                36, 
                37, 
                38
            ], 
            "mbox_sha1sum": "", 
            "global_representation": true, 
            "mbox": "", 
            "objectType": "Group"
        }
    }, 
    {
        "pk": 36, 
        "model": "lrs.agent", 
        "fields": {
            "openid": "", 
            "name": "mr x", 
            "oauth_identifier": "", 
            "member": [
                35
            ], 
            "mbox_sha1sum": "", 
            "global_representation": true, 
            "mbox": "mailto:mrx@example.com", 
            "objectType": "Agent"
        }
    }, 
    {
        "pk": 37, 
        "model": "lrs.agent", 
        "fields": {
            "openid": "", 
            "name": "ms y", 
            "oauth_identifier": "", 
            "member": [
                35
            ], 
            "mbox_sha1sum": "", 
            "global_representation": true, 
            "mbox": "mailto:msy@example.com", 
            "objectType": "Agent"
        }
    }, 
    {
        "pk": 38, 
        "model": "lrs.agent", 
        "fields": {
            "openid": "", 
            "name": "dr dre", 
            "oauth_identifier": "", 
            "member": [
                35
            ], 
            "mbox_sha1sum": "", 
            "global_representation": true, 
            "mbox": "mailto:drdre@example.com", 
            "objectType": "Agent"
        }
    }, 
    {
        "pk": 40, 
        "model": "lrs.agent", 
        "fields": {
            "openid": "", 
            "name": "adl lrs developers", 
            "oauth_identifier": "", 
            "member": [
                25, 
                2
            ], 
            "mbox_sha1sum": "", 
            "global_representation": true, 
            "mbox": "mailto:adllrsdevs@example.com", 
            "objectType": "Group"
        }
    }, 
    {
        "pk": 1, 
        "model": "lrs.activity", 
        "fields": {
            "authoritative": "tom", 
            "activity_id": "act:adlnet.gov/JsTetris_TCAPI", 
            "global_representation": true, 
            "objectType": "Activity"
        }
    }, 
    {
        "pk": 3, 
        "model": "lrs.activity", 
        "fields": {
            "authoritative": "tom", 
            "activity_id": "act:adlnet.gov/JsTetris_TCAPI/level1", 
            "global_representation": true, 
            "objectType": "Activity"
        }
    }, 
    {
        "pk": 4, 
        "model": "lrs.activity", 
        "fields": {
            "authoritative": "tom", 
            "activity_id": "act:adlnet.gov/JsTetris_TCAPI/level2", 
            "global_representation": true, 
            "objectType": "Activity"
        }
    }, 
    {
        "pk": 5, 
        "model": "lrs.activity", 
        "fields": {
            "authoritative": "tom", 
            "activity_id": "act:adlnet.gov/JsTetris_TCAPI/level3", 
            "global_representation": true, 
            "objectType": "Activity"
        }
    }, 
    {
        "pk": 6, 
        "model": "lrs.activity", 
        "fields": {
            "authoritative": "tom", 
            "activity_id": "act:adlnet.gov/JsTetris_TCAPI/level4", 
            "global_representation": true, 
            "objectType": "Activity"
        }
    }, 
    {
        "pk": 7, 
        "model": "lrs.activity", 
        "fields": {
            "authoritative": "tom", 
            "activity_id": "act:adlnet.gov/JsTetris_TCAPI/level5", 
            "global_representation": true, 
            "objectType": "Activity"
        }
    }, 
    {
        "pk": 8, 
        "model": "lrs.activity", 
        "fields": {
            "authoritative": "tom", 
            "activity_id": "act:adlnet.gov/JsTetris_TCAPI/level6", 
            "global_representation": true, 
            "objectType": "Activity"
        }
    }, 
    {
        "pk": 9, 
        "model": "lrs.activity", 
        "fields": {
            "authoritative": "tom", 
            "activity_id": "act:adlnet.gov/JsTetris_TCAPI/level7", 
            "global_representation": true, 
            "objectType": "Activity"
        }
    }, 
    {
        "pk": 10, 
        "model": "lrs.activity", 
        "fields": {
            "authoritative": "tom", 
            "activity_id": "act:adlnet.gov/JsTetris_TCAPI/level8", 
            "global_representation": true, 
            "objectType": "Activity"
        }
    }, 
    {
        "pk": 11, 
        "model": "lrs.activity", 
        "fields": {
            "authoritative": "tom", 
            "activity_id": "act:adlnet.gov/JsTetris_TCAPI/level9", 
            "global_representation": true, 
            "objectType": "Activity"
        }
    }, 
    {
        "pk": 12, 
        "model": "lrs.activity", 
        "fields": {
            "authoritative": "tom", 
            "activity_id": "act:adlnet.gov/JsTetris_TCAPI/level10", 
            "global_representation": true, 
            "objectType": "Activity"
        }
    }, 
    {
        "pk": 13, 
        "model": "lrs.activity", 
        "fields": {
            "authoritative": "tom", 
            "activity_id": "act:adlnet.gov/JsTetris_TCAPI/level11", 
            "global_representation": true, 
            "objectType": "Activity"
        }
    }, 
    {
        "pk": 14, 
        "model": "lrs.activity", 
        "fields": {
            "authoritative": "tom", 
            "activity_id": "act:adlnet.gov/JsTetris_TCAPI/level12", 
            "global_representation": true, 
            "objectType": "Activity"
        }
    }, 
    {
        "pk": 15, 
        "model": "lrs.activity", 
        "fields": {
            "authoritative": "tom", 
            "activity_id": "act:adlnet.gov/JsTetris_TCAPI/level13", 
            "global_representation": true, 
            "objectType": "Activity"
        }
    }, 
    {
        "pk": 16, 
        "model": "lrs.activity", 
        "fields": {
            "authoritative": "tom", 
            "activity_id": "act:adlnet.gov/JsTetris_TCAPI/level14", 
            "global_representation": true, 
            "objectType": "Activity"
        }
    }, 
    {
        "pk": 17, 
        "model": "lrs.activity", 
        "fields": {
            "authoritative": "tom", 
            "activity_id": "act:adlnet.gov/JsTetris_TCAPI/level15", 
            "global_representation": true, 
            "objectType": "Activity"
        }
    }, 
    {
        "pk": 18, 
        "model": "lrs.activity", 
        "fields": {
            "authoritative": "tom", 
            "activity_id": "act:adlnet.gov/JsTetris_TCAPI/level16", 
            "global_representation": true, 
            "objectType": "Activity"
        }
    }, 
    {
        "pk": 19, 
        "model": "lrs.activity", 
        "fields": {
            "authoritative": "tom", 
            "activity_id": "act:adlnet.gov/JsTetris_TCAPI/level17", 
            "global_representation": true, 
            "objectType": "Activity"
        }
    }, 
    {
        "pk": 20, 
        "model": "lrs.activity", 
        "fields": {
            "authoritative": "tom", 
            "activity_id": "act:adlnet.gov/JsTetris_TCAPI/level18", 
            "global_representation": true, 
            "objectType": "Activity"
        }
    }, 
    {
        "pk": 23, 
        "model": "lrs.activity", 
        "fields": {
            "authoritative": "tom", 
            "activity_id": "http://imaginarium.adlnet.gov/xapi/animals/kermodebear", 
            "global_representation": true, 
            "objectType": "Activity"
        }
    }, 
    {
        "pk": 39, 
        "model": "lrs.activity", 
        "fields": {
            "authoritative": "tom", 
            "activity_id": "https://github.com/adlnet/ADL_LRS/tree/1.0dev", 
            "global_representation": true, 
            "objectType": "Activity"
        }
    }, 
    {
        "pk": 42, 
        "model": "lrs.activity", 
        "fields": {
            "authoritative": "tom", 
            "activity_id": "http://adlnet.gov/website", 
            "global_representation": true, 
            "objectType": "Activity"
        }
    }, 
    {
        "pk": 1, 
        "model": "lrs.name_lang", 
        "fields": {
            "key": "en-US", 
            "value": "Js Tetris - Tin Can Prototype", 
            "content_type": 23, 
            "object_id": 1
        }
    }, 
    {
        "pk": 2, 
        "model": "lrs.name_lang", 
        "fields": {
            "key": "en-US", 
            "value": "Js Tetris Level1", 
            "content_type": 23, 
            "object_id": 2
        }
    }, 
    {
        "pk": 3, 
        "model": "lrs.name_lang", 
        "fields": {
            "key": "en-US", 
            "value": "Js Tetris Level2", 
            "content_type": 23, 
            "object_id": 3
        }
    }, 
    {
        "pk": 4, 
        "model": "lrs.name_lang", 
        "fields": {
            "key": "en-US", 
            "value": "Js Tetris Level3", 
            "content_type": 23, 
            "object_id": 4
        }
    }, 
    {
        "pk": 5, 
        "model": "lrs.name_lang", 
        "fields": {
            "key": "en-US", 
            "value": "Js Tetris Level4", 
            "content_type": 23, 
            "object_id": 5
        }
    }, 
    {
        "pk": 6, 
        "model": "lrs.name_lang", 
        "fields": {
            "key": "en-US", 
            "value": "Js Tetris Level5", 
            "content_type": 23, 
            "object_id": 6
        }
    }, 
    {
        "pk": 7, 
        "model": "lrs.name_lang", 
        "fields": {
            "key": "en-US", 
            "value": "Js Tetris Level6", 
            "content_type": 23, 
            "object_id": 7
        }
    }, 
    {
        "pk": 8, 
        "model": "lrs.name_lang", 
        "fields": {
            "key": "en-US", 
            "value": "Js Tetris Level7", 
            "content_type": 23, 
            "object_id": 8
        }
    }, 
    {
        "pk": 9, 
        "model": "lrs.name_lang", 
        "fields": {
            "key": "en-US", 
            "value": "Js Tetris Level8", 
            "content_type": 23, 
            "object_id": 9
        }
    }, 
    {
        "pk": 10, 
        "model": "lrs.name_lang", 
        "fields": {
            "key": "en-US", 
            "value": "Js Tetris Level9", 
            "content_type": 23, 
            "object_id": 10
        }
    }, 
    {
        "pk": 11, 
        "model": "lrs.name_lang", 
        "fields": {
            "key": "en-US", 
            "value": "Js Tetris Level10", 
            "content_type": 23, 
            "object_id": 11
        }
    }, 
    {
        "pk": 12, 
        "model": "lrs.name_lang", 
        "fields": {
            "key": "en-US", 
            "value": "Js Tetris Level11", 
            "content_type": 23, 
            "object_id": 12
        }
    }, 
    {
        "pk": 13, 
        "model": "lrs.name_lang", 
        "fields": {
            "key": "en-US", 
            "value": "Js Tetris Level12", 
            "content_type": 23, 
            "object_id": 13
        }
    }, 
    {
        "pk": 14, 
        "model": "lrs.name_lang", 
        "fields": {
            "key": "en-US", 
            "value": "Js Tetris Level13", 
            "content_type": 23, 
            "object_id": 14
        }
    }, 
    {
        "pk": 15, 
        "model": "lrs.name_lang", 
        "fields": {
            "key": "en-US", 
            "value": "Js Tetris Level14", 
            "content_type": 23, 
            "object_id": 15
        }
    }, 
    {
        "pk": 16, 
        "model": "lrs.name_lang", 
        "fields": {
            "key": "en-US", 
            "value": "Js Tetris Level15", 
            "content_type": 23, 
            "object_id": 16
        }
    }, 
    {
        "pk": 17, 
        "model": "lrs.name_lang", 
        "fields": {
            "key": "en-US", 
            "value": "Js Tetris Level16", 
            "content_type": 23, 
            "object_id": 17
        }
    }, 
    {
        "pk": 18, 
        "model": "lrs.name_lang", 
        "fields": {
            "key": "en-US", 
            "value": "Js Tetris Level17", 
            "content_type": 23, 
            "object_id": 18
        }
    }, 
    {
        "pk": 19, 
        "model": "lrs.name_lang", 
        "fields": {
            "key": "en-US", 
            "value": "Js Tetris Level18", 
            "content_type": 23, 
            "object_id": 19
        }
    }, 
    {
        "pk": 21, 
        "model": "lrs.name_lang", 
        "fields": {
            "key": "en-US", 
            "value": "Kermode Bear", 
            "content_type": 23, 
            "object_id": 21
        }
    }, 
    {
        "pk": 1, 
        "model": "lrs.desc_lang", 
        "fields": {
            "key": "en-US", 
            "value": "A game of tetris.", 
            "content_type": 23, 
            "object_id": 1
        }
    }, 
    {
        "pk": 2, 
        "model": "lrs.desc_lang", 
        "fields": {
            "key": "en-US", 
            "value": "Starting at 1, the higher the level, the harder the game.", 
            "content_type": 23, 
            "object_id": 2
        }
    }, 
    {
        "pk": 3, 
        "model": "lrs.desc_lang", 
        "fields": {
            "key": "en-US", 
            "value": "Starting at 1, the higher the level, the harder the game.", 
            "content_type": 23, 
            "object_id": 3
        }
    }, 
    {
        "pk": 4, 
        "model": "lrs.desc_lang", 
        "fields": {
            "key": "en-US", 
            "value": "Starting at 1, the higher the level, the harder the game.", 
            "content_type": 23, 
            "object_id": 4
        }
    }, 
    {
        "pk": 5, 
        "model": "lrs.desc_lang", 
        "fields": {
            "key": "en-US", 
            "value": "Starting at 1, the higher the level, the harder the game.", 
            "content_type": 23, 
            "object_id": 5
        }
    }, 
    {
        "pk": 6, 
        "model": "lrs.desc_lang", 
        "fields": {
            "key": "en-US", 
            "value": "Starting at 1, the higher the level, the harder the game.", 
            "content_type": 23, 
            "object_id": 6
        }
    }, 
    {
        "pk": 7, 
        "model": "lrs.desc_lang", 
        "fields": {
            "key": "en-US", 
            "value": "Starting at 1, the higher the level, the harder the game.", 
            "content_type": 23, 
            "object_id": 7
        }
    }, 
    {
        "pk": 8, 
        "model": "lrs.desc_lang", 
        "fields": {
            "key": "en-US", 
            "value": "Starting at 1, the higher the level, the harder the game.", 
            "content_type": 23, 
            "object_id": 8
        }
    }, 
    {
        "pk": 9, 
        "model": "lrs.desc_lang", 
        "fields": {
            "key": "en-US", 
            "value": "Starting at 1, the higher the level, the harder the game.", 
            "content_type": 23, 
            "object_id": 9
        }
    }, 
    {
        "pk": 10, 
        "model": "lrs.desc_lang", 
        "fields": {
            "key": "en-US", 
            "value": "Starting at 1, the higher the level, the harder the game.", 
            "content_type": 23, 
            "object_id": 10
        }
    }, 
    {
        "pk": 11, 
        "model": "lrs.desc_lang", 
        "fields": {
            "key": "en-US", 
            "value": "Starting at 1, the higher the level, the harder the game.", 
            "content_type": 23, 
            "object_id": 11
        }
    }, 
    {
        "pk": 12, 
        "model": "lrs.desc_lang", 
        "fields": {
            "key": "en-US", 
            "value": "Starting at 1, the higher the level, the harder the game.", 
            "content_type": 23, 
            "object_id": 12
        }
    }, 
    {
        "pk": 13, 
        "model": "lrs.desc_lang", 
        "fields": {
            "key": "en-US", 
            "value": "Starting at 1, the higher the level, the harder the game.", 
            "content_type": 23, 
            "object_id": 13
        }
    }, 
    {
        "pk": 14, 
        "model": "lrs.desc_lang", 
        "fields": {
            "key": "en-US", 
            "value": "Starting at 1, the higher the level, the harder the game.", 
            "content_type": 23, 
            "object_id": 14
        }
    }, 
    {
        "pk": 15, 
        "model": "lrs.desc_lang", 
        "fields": {
            "key": "en-US", 
            "value": "Starting at 1, the higher the level, the harder the game.", 
            "content_type": 23, 
            "object_id": 15
        }
    }, 
    {
        "pk": 16, 
        "model": "lrs.desc_lang", 
        "fields": {
            "key": "en-US", 
            "value": "Starting at 1, the higher the level, the harder the game.", 
            "content_type": 23, 
            "object_id": 16
        }
    }, 
    {
        "pk": 17, 
        "model": "lrs.desc_lang", 
        "fields": {
            "key": "en-US", 
            "value": "Starting at 1, the higher the level, the harder the game.", 
            "content_type": 23, 
            "object_id": 17
        }
    }, 
    {
        "pk": 18, 
        "model": "lrs.desc_lang", 
        "fields": {
            "key": "en-US", 
            "value": "Starting at 1, the higher the level, the harder the game.", 
            "content_type": 23, 
            "object_id": 18
        }
    }, 
    {
        "pk": 19, 
        "model": "lrs.desc_lang", 
        "fields": {
            "key": "en-US", 
            "value": "Starting at 1, the higher the level, the harder the game.", 
            "content_type": 23, 
            "object_id": 19
        }
    }, 
    {
        "pk": 21, 
        "model": "lrs.desc_lang", 
        "fields": {
            "key": "en-US", 
            "value": "An animal in the Imaginarium", 
            "content_type": 23, 
            "object_id": 21
        }
    }, 
    {
        "pk": 1, 
        "model": "lrs.activity_definition", 
        "fields": {
            "activity_definition_type": "media", 
            "url": "", 
            "interactionType": "", 
            "activity": 1
        }
    }, 
    {
        "pk": 2, 
        "model": "lrs.activity_definition", 
        "fields": {
            "activity_definition_type": "media", 
            "url": "", 
            "interactionType": "", 
            "activity": 3
        }
    }, 
    {
        "pk": 3, 
        "model": "lrs.activity_definition", 
        "fields": {
            "activity_definition_type": "media", 
            "url": "", 
            "interactionType": "", 
            "activity": 4
        }
    }, 
    {
        "pk": 4, 
        "model": "lrs.activity_definition", 
        "fields": {
            "activity_definition_type": "media", 
            "url": "", 
            "interactionType": "", 
            "activity": 5
        }
    }, 
    {
        "pk": 5, 
        "model": "lrs.activity_definition", 
        "fields": {
            "activity_definition_type": "media", 
            "url": "", 
            "interactionType": "", 
            "activity": 6
        }
    }, 
    {
        "pk": 6, 
        "model": "lrs.activity_definition", 
        "fields": {
            "activity_definition_type": "media", 
            "url": "", 
            "interactionType": "", 
            "activity": 7
        }
    }, 
    {
        "pk": 7, 
        "model": "lrs.activity_definition", 
        "fields": {
            "activity_definition_type": "media", 
            "url": "", 
            "interactionType": "", 
            "activity": 8
        }
    }, 
    {
        "pk": 8, 
        "model": "lrs.activity_definition", 
        "fields": {
            "activity_definition_type": "media", 
            "url": "", 
            "interactionType": "", 
            "activity": 9
        }
    }, 
    {
        "pk": 9, 
        "model": "lrs.activity_definition", 
        "fields": {
            "activity_definition_type": "media", 
            "url": "", 
            "interactionType": "", 
            "activity": 10
        }
    }, 
    {
        "pk": 10, 
        "model": "lrs.activity_definition", 
        "fields": {
            "activity_definition_type": "media", 
            "url": "", 
            "interactionType": "", 
            "activity": 11
        }
    }, 
    {
        "pk": 11, 
        "model": "lrs.activity_definition", 
        "fields": {
            "activity_definition_type": "media", 
            "url": "", 
            "interactionType": "", 
            "activity": 12
        }
    }, 
    {
        "pk": 12, 
        "model": "lrs.activity_definition", 
        "fields": {
            "activity_definition_type": "media", 
            "url": "", 
            "interactionType": "", 
            "activity": 13
        }
    }, 
    {
        "pk": 13, 
        "model": "lrs.activity_definition", 
        "fields": {
            "activity_definition_type": "media", 
            "url": "", 
            "interactionType": "", 
            "activity": 14
        }
    }, 
    {
        "pk": 14, 
        "model": "lrs.activity_definition", 
        "fields": {
            "activity_definition_type": "media", 
            "url": "", 
            "interactionType": "", 
            "activity": 15
        }
    }, 
    {
        "pk": 15, 
        "model": "lrs.activity_definition", 
        "fields": {
            "activity_definition_type": "media", 
            "url": "", 
            "interactionType": "", 
            "activity": 16
        }
    }, 
    {
        "pk": 16, 
        "model": "lrs.activity_definition", 
        "fields": {
            "activity_definition_type": "media", 
            "url": "", 
            "interactionType": "", 
            "activity": 17
        }
    }, 
    {
        "pk": 17, 
        "model": "lrs.activity_definition", 
        "fields": {
            "activity_definition_type": "media", 
            "url": "", 
            "interactionType": "", 
            "activity": 18
        }
    }, 
    {
        "pk": 18, 
        "model": "lrs.activity_definition", 
        "fields": {
            "activity_definition_type": "media", 
            "url": "", 
            "interactionType": "", 
            "activity": 19
        }
    }, 
    {
        "pk": 19, 
        "model": "lrs.activity_definition", 
        "fields": {
            "activity_definition_type": "media", 
            "url": "", 
            "interactionType": "", 
            "activity": 20
        }
    }, 
    {
        "pk": 21, 
        "model": "lrs.activity_definition", 
        "fields": {
            "activity_definition_type": "virtual object", 
            "url": "", 
            "interactionType": "", 
            "activity": 23
        }
    }, 
    {
        "pk": 34, 
        "model": "lrs.statementref", 
        "fields": {
            "object_type": "StatementRef", 
            "context": null, 
            "ref_id": "6a574b1aa22511e29f0408002787eb49"
        }
    }, 
    {
        "pk": 1, 
        "model": "lrs.contextactivity", 
        "fields": {
            "context_activity": "act:adlnet.gov/JsTetris_TCAPI", 
            "key": "grouping", 
            "context": 1
        }
    }, 
    {
        "pk": 2, 
        "model": "lrs.contextactivity", 
        "fields": {
            "context_activity": "act:adlnet.gov/JsTetris_TCAPI", 
            "key": "grouping", 
            "context": 2
        }
    }, 
    {
        "pk": 3, 
        "model": "lrs.contextactivity", 
        "fields": {
            "context_activity": "act:adlnet.gov/JsTetris_TCAPI", 
            "key": "grouping", 
            "context": 3
        }
    }, 
    {
        "pk": 4, 
        "model": "lrs.contextactivity", 
        "fields": {
            "context_activity": "act:adlnet.gov/JsTetris_TCAPI", 
            "key": "grouping", 
            "context": 4
        }
    }, 
    {
        "pk": 5, 
        "model": "lrs.contextactivity", 
        "fields": {
            "context_activity": "act:adlnet.gov/JsTetris_TCAPI", 
            "key": "grouping", 
            "context": 5
        }
    }, 
    {
        "pk": 6, 
        "model": "lrs.contextactivity", 
        "fields": {
            "context_activity": "act:adlnet.gov/JsTetris_TCAPI", 
            "key": "grouping", 
            "context": 6
        }
    }, 
    {
        "pk": 7, 
        "model": "lrs.contextactivity", 
        "fields": {
            "context_activity": "act:adlnet.gov/JsTetris_TCAPI", 
            "key": "grouping", 
            "context": 7
        }
    }, 
    {
        "pk": 8, 
        "model": "lrs.contextactivity", 
        "fields": {
            "context_activity": "act:adlnet.gov/JsTetris_TCAPI", 
            "key": "grouping", 
            "context": 8
        }
    }, 
    {
        "pk": 9, 
        "model": "lrs.contextactivity", 
        "fields": {
            "context_activity": "act:adlnet.gov/JsTetris_TCAPI", 
            "key": "grouping", 
            "context": 9
        }
    }, 
    {
        "pk": 10, 
        "model": "lrs.contextactivity", 
        "fields": {
            "context_activity": "act:adlnet.gov/JsTetris_TCAPI", 
            "key": "grouping", 
            "context": 10
        }
    }, 
    {
        "pk": 11, 
        "model": "lrs.contextactivity", 
        "fields": {
            "context_activity": "act:adlnet.gov/JsTetris_TCAPI", 
            "key": "grouping", 
            "context": 11
        }
    }, 
    {
        "pk": 12, 
        "model": "lrs.contextactivity", 
        "fields": {
            "context_activity": "act:adlnet.gov/JsTetris_TCAPI", 
            "key": "grouping", 
            "context": 12
        }
    }, 
    {
        "pk": 13, 
        "model": "lrs.contextactivity", 
        "fields": {
            "context_activity": "act:adlnet.gov/JsTetris_TCAPI", 
            "key": "grouping", 
            "context": 13
        }
    }, 
    {
        "pk": 14, 
        "model": "lrs.contextactivity", 
        "fields": {
            "context_activity": "act:adlnet.gov/JsTetris_TCAPI", 
            "key": "grouping", 
            "context": 14
        }
    }, 
    {
        "pk": 15, 
        "model": "lrs.contextactivity", 
        "fields": {
            "context_activity": "act:adlnet.gov/JsTetris_TCAPI", 
            "key": "grouping", 
            "context": 15
        }
    }, 
    {
        "pk": 16, 
        "model": "lrs.contextactivity", 
        "fields": {
            "context_activity": "act:adlnet.gov/JsTetris_TCAPI", 
            "key": "grouping", 
            "context": 16
        }
    }, 
    {
        "pk": 17, 
        "model": "lrs.contextactivity", 
        "fields": {
            "context_activity": "act:adlnet.gov/JsTetris_TCAPI", 
            "key": "grouping", 
            "context": 17
        }
    }, 
    {
        "pk": 18, 
        "model": "lrs.contextactivity", 
        "fields": {
            "context_activity": "act:adlnet.gov/JsTetris_TCAPI", 
            "key": "grouping", 
            "context": 18
        }
    }, 
    {
        "pk": 19, 
        "model": "lrs.contextactivity", 
        "fields": {
            "context_activity": "act:adlnet.gov/JsTetris_TCAPI", 
            "key": "grouping", 
            "context": 19
        }
    }, 
    {
        "pk": 20, 
        "model": "lrs.contextactivity", 
        "fields": {
            "context_activity": "act:adlnet.gov/JsTetris_TCAPI", 
            "key": "grouping", 
            "context": 20
        }
    }, 
    {
        "pk": 21, 
        "model": "lrs.contextactivity", 
        "fields": {
            "context_activity": "act:adlnet.gov/JsTetris_TCAPI", 
            "key": "grouping", 
            "context": 21
        }
    }, 
    {
        "pk": 22, 
        "model": "lrs.contextactivity", 
        "fields": {
            "context_activity": "act:adlnet.gov/JsTetris_TCAPI", 
            "key": "grouping", 
            "context": 22
        }
    }, 
    {
        "pk": 24, 
        "model": "lrs.contextactivity", 
        "fields": {
            "context_activity": "http://imaginarium.adlnet.gov/xapi/imaginarium", 
            "key": "parent", 
            "context": 24
        }
    }, 
    {
        "pk": 25, 
        "model": "lrs.contextactivity", 
        "fields": {
            "context_activity": "http://imaginarium.adlnet.gov/xapi/imaginarium", 
            "key": "parent", 
            "context": 25
        }
    }, 
    {
        "pk": 29, 
        "model": "lrs.contextactivity", 
        "fields": {
            "context_activity": "http://imaginarium.adlnet.gov/xapi/imaginarium", 
            "key": "parent", 
            "context": 29
        }
    }, 
    {
        "pk": 30, 
        "model": "lrs.contextactivity", 
        "fields": {
            "context_activity": "http://imaginarium.adlnet.gov/xapi/imaginarium", 
            "key": "parent", 
            "context": 30
        }
    }, 
    {
        "pk": 1, 
        "model": "lrs.context", 
        "fields": {
            "language": "", 
            "registration": "9e1e5d3b-8a49-45f1-a01e-0f6102cad154", 
            "object_id": 1, 
            "platform": "", 
            "content_type": 37, 
            "team": null, 
            "instructor": null, 
            "revision": ""
        }
    }, 
    {
        "pk": 2, 
        "model": "lrs.context", 
        "fields": {
            "language": "", 
            "registration": "2827b743-0c84-441a-b282-bffa20fac615", 
            "object_id": 2, 
            "platform": "", 
            "content_type": 37, 
            "team": null, 
            "instructor": null, 
            "revision": ""
        }
    }, 
    {
        "pk": 3, 
        "model": "lrs.context", 
        "fields": {
            "language": "", 
            "registration": "05bb4c1a-9ddb-44a0-ba4f-52ff77811a91", 
            "object_id": 4, 
            "platform": "", 
            "content_type": 37, 
            "team": null, 
            "instructor": null, 
            "revision": ""
        }
    }, 
    {
        "pk": 4, 
        "model": "lrs.context", 
        "fields": {
            "language": "", 
            "registration": "05bb4c1a-9ddb-44a0-ba4f-52ff77811a91", 
            "object_id": 5, 
            "platform": "", 
            "content_type": 37, 
            "team": null, 
            "instructor": null, 
            "revision": ""
        }
    }, 
    {
        "pk": 5, 
        "model": "lrs.context", 
        "fields": {
            "language": "", 
            "registration": "05bb4c1a-9ddb-44a0-ba4f-52ff77811a91", 
            "object_id": 6, 
            "platform": "", 
            "content_type": 37, 
            "team": null, 
            "instructor": null, 
            "revision": ""
        }
    }, 
    {
        "pk": 6, 
        "model": "lrs.context", 
        "fields": {
            "language": "", 
            "registration": "05bb4c1a-9ddb-44a0-ba4f-52ff77811a91", 
            "object_id": 7, 
            "platform": "", 
            "content_type": 37, 
            "team": null, 
            "instructor": null, 
            "revision": ""
        }
    }, 
    {
        "pk": 7, 
        "model": "lrs.context", 
        "fields": {
            "language": "", 
            "registration": "05bb4c1a-9ddb-44a0-ba4f-52ff77811a91", 
            "object_id": 8, 
            "platform": "", 
            "content_type": 37, 
            "team": null, 
            "instructor": null, 
            "revision": ""
        }
    }, 
    {
        "pk": 8, 
        "model": "lrs.context", 
        "fields": {
            "language": "", 
            "registration": "05bb4c1a-9ddb-44a0-ba4f-52ff77811a91", 
            "object_id": 9, 
            "platform": "", 
            "content_type": 37, 
            "team": null, 
            "instructor": null, 
            "revision": ""
        }
    }, 
    {
        "pk": 9, 
        "model": "lrs.context", 
        "fields": {
            "language": "", 
            "registration": "05bb4c1a-9ddb-44a0-ba4f-52ff77811a91", 
            "object_id": 10, 
            "platform": "", 
            "content_type": 37, 
            "team": null, 
            "instructor": null, 
            "revision": ""
        }
    }, 
    {
        "pk": 10, 
        "model": "lrs.context", 
        "fields": {
            "language": "", 
            "registration": "05bb4c1a-9ddb-44a0-ba4f-52ff77811a91", 
            "object_id": 11, 
            "platform": "", 
            "content_type": 37, 
            "team": null, 
            "instructor": null, 
            "revision": ""
        }
    }, 
    {
        "pk": 11, 
        "model": "lrs.context", 
        "fields": {
            "language": "", 
            "registration": "05bb4c1a-9ddb-44a0-ba4f-52ff77811a91", 
            "object_id": 12, 
            "platform": "", 
            "content_type": 37, 
            "team": null, 
            "instructor": null, 
            "revision": ""
        }
    }, 
    {
        "pk": 12, 
        "model": "lrs.context", 
        "fields": {
            "language": "", 
            "registration": "05bb4c1a-9ddb-44a0-ba4f-52ff77811a91", 
            "object_id": 13, 
            "platform": "", 
            "content_type": 37, 
            "team": null, 
            "instructor": null, 
            "revision": ""
        }
    }, 
    {
        "pk": 13, 
        "model": "lrs.context", 
        "fields": {
            "language": "", 
            "registration": "05bb4c1a-9ddb-44a0-ba4f-52ff77811a91", 
            "object_id": 14, 
            "platform": "", 
            "content_type": 37, 
            "team": null, 
            "instructor": null, 
            "revision": ""
        }
    }, 
    {
        "pk": 14, 
        "model": "lrs.context", 
        "fields": {
            "language": "", 
            "registration": "05bb4c1a-9ddb-44a0-ba4f-52ff77811a91", 
            "object_id": 15, 
            "platform": "", 
            "content_type": 37, 
            "team": null, 
            "instructor": null, 
            "revision": ""
        }
    }, 
    {
        "pk": 15, 
        "model": "lrs.context", 
        "fields": {
            "language": "", 
            "registration": "05bb4c1a-9ddb-44a0-ba4f-52ff77811a91", 
            "object_id": 16, 
            "platform": "", 
            "content_type": 37, 
            "team": null, 
            "instructor": null, 
            "revision": ""
        }
    }, 
    {
        "pk": 16, 
        "model": "lrs.context", 
        "fields": {
            "language": "", 
            "registration": "05bb4c1a-9ddb-44a0-ba4f-52ff77811a91", 
            "object_id": 17, 
            "platform": "", 
            "content_type": 37, 
            "team": null, 
            "instructor": null, 
            "revision": ""
        }
    }, 
    {
        "pk": 17, 
        "model": "lrs.context", 
        "fields": {
            "language": "", 
            "registration": "05bb4c1a-9ddb-44a0-ba4f-52ff77811a91", 
            "object_id": 18, 
            "platform": "", 
            "content_type": 37, 
            "team": null, 
            "instructor": null, 
            "revision": ""
        }
    }, 
    {
        "pk": 18, 
        "model": "lrs.context", 
        "fields": {
            "language": "", 
            "registration": "05bb4c1a-9ddb-44a0-ba4f-52ff77811a91", 
            "object_id": 19, 
            "platform": "", 
            "content_type": 37, 
            "team": null, 
            "instructor": null, 
            "revision": ""
        }
    }, 
    {
        "pk": 19, 
        "model": "lrs.context", 
        "fields": {
            "language": "", 
            "registration": "05bb4c1a-9ddb-44a0-ba4f-52ff77811a91", 
            "object_id": 20, 
            "platform": "", 
            "content_type": 37, 
            "team": null, 
            "instructor": null, 
            "revision": ""
        }
    }, 
    {
        "pk": 20, 
        "model": "lrs.context", 
        "fields": {
            "language": "", 
            "registration": "05bb4c1a-9ddb-44a0-ba4f-52ff77811a91", 
            "object_id": 21, 
            "platform": "", 
            "content_type": 37, 
            "team": null, 
            "instructor": null, 
            "revision": ""
        }
    }, 
    {
        "pk": 21, 
        "model": "lrs.context", 
        "fields": {
            "language": "", 
            "registration": "05bb4c1a-9ddb-44a0-ba4f-52ff77811a91", 
            "object_id": 22, 
            "platform": "", 
            "content_type": 37, 
            "team": null, 
            "instructor": null, 
            "revision": ""
        }
    }, 
    {
        "pk": 22, 
        "model": "lrs.context", 
        "fields": {
            "language": "", 
            "registration": "05bb4c1a-9ddb-44a0-ba4f-52ff77811a91", 
            "object_id": 23, 
            "platform": "", 
            "content_type": 37, 
            "team": null, 
            "instructor": null, 
            "revision": ""
        }
    }, 
    {
        "pk": 24, 
        "model": "lrs.context", 
        "fields": {
            "language": "", 
            "registration": "50df998aa09511e2a24b08002787eb49", 
            "object_id": 25, 
            "platform": "virtual world", 
            "content_type": 37, 
            "team": null, 
            "instructor": null, 
            "revision": ""
        }
    }, 
    {
        "pk": 25, 
        "model": "lrs.context", 
        "fields": {
            "language": "", 
            "registration": "0e9991d4a10d11e2b2f908002787eb49", 
            "object_id": 29, 
            "platform": "", 
            "content_type": 37, 
            "team": null, 
            "instructor": null, 
            "revision": ""
        }
    }, 
    {
        "pk": 29, 
        "model": "lrs.context", 
        "fields": {
            "language": "", 
            "registration": "3d074ad4a22511e2982a08002787eb49", 
            "object_id": 34, 
            "platform": "", 
            "content_type": 37, 
            "team": null, 
            "instructor": null, 
            "revision": ""
        }
    }, 
    {
        "pk": 30, 
        "model": "lrs.context", 
        "fields": {
            "language": "", 
            "registration": "6a58a38ea22511e29f0408002787eb49", 
            "object_id": 35, 
            "platform": "", 
            "content_type": 37, 
            "team": null, 
            "instructor": null, 
            "revision": ""
        }
    }, 
    {
        "pk": 31, 
        "model": "lrs.context", 
        "fields": {
            "language": "", 
            "registration": "", 
            "object_id": 43, 
            "platform": "", 
            "content_type": 36, 
            "team": null, 
            "instructor": null, 
            "revision": ""
        }
    }, 
    {
        "pk": 1, 
        "model": "auth.user", 
        "fields": {
            "username": "tom", 
            "first_name": "", 
            "last_name": "", 
            "is_active": true, 
            "is_superuser": false, 
            "is_staff": false, 
            "last_login": "2013-04-08T21:20:08.825Z", 
            "groups": [], 
            "user_permissions": [], 
            "password": "pbkdf2_sha256$10000$UgasHdLhNu31$LN52H7kLLYBzDTjiMksunflr0wSlGG3dCkrzuQ/7JGY=", 
            "email": "tom@example.com", 
            "date_joined": "2013-04-08T17:51:15.239Z"
        }
    }, 
    {
        "pk": 1, 
        "model": "lrs.activity_profile", 
        "fields": {
            "profile": "activity_profile/JsTetris_TCAPI_1", 
            "updated": "2013-04-08T21:07:20.751Z", 
            "activityId": "act:adlnet.gov/JsTetris_TCAPI", 
            "etag": "0b678c4dcf579dc0ea2c50629bf7a8693eef6dd0", 
            "user": 1, 
            "content_type": "application/json", 
            "profileId": "highscores"
        }
    }, 
    {
        "pk": 43, 
        "model": "lrs.substatement", 
        "fields": {
            "timestamp": "2013-04-11T23:24:03.578Z", 
            "stmt_object": 42, 
            "verb": 14, 
            "user": 1, 
            "actor": 25
        }
    }, 
    {
        "pk": 1, 
        "model": "lrs.statement", 
        "fields": {
            "verb": 1, 
            "statement_id": "64e12aa3-d7a7-4b40-a54e-07566a5ca6f0", 
            "timestamp": "2013-04-08T17:51:38.118Z", 
            "actor": 2, 
            "voided": false, 
            "stored": "2013-04-08T17:51:38.118Z", 
            "stmt_object": 1, 
            "authority": 2, 
            "version": "1.0", 
            "user": 1
        }
    }, 
    {
        "pk": 2, 
        "model": "lrs.statement", 
        "fields": {
            "verb": 1, 
            "statement_id": "4c02f219-6d21-46cc-b4dd-9f387180b545", 
            "timestamp": "2013-04-08T17:52:31.209Z", 
            "actor": 2, 
            "voided": false, 
            "stored": "2013-04-08T17:52:31.209Z", 
            "stmt_object": 1, 
            "authority": 2, 
            "version": "1.0", 
            "user": 1
        }
    }, 
    {
        "pk": 4, 
        "model": "lrs.statement", 
        "fields": {
            "verb": 1, 
            "statement_id": "cd6c1114-81d5-4a7b-999e-071e1b4ef51f", 
            "timestamp": "2013-04-08T20:47:08.626Z", 
            "actor": 2, 
            "voided": false, 
            "stored": "2013-04-08T20:47:08.626Z", 
            "stmt_object": 1, 
            "authority": 2, 
            "version": "1.0", 
            "user": 1
        }
    }, 
    {
        "pk": 5, 
        "model": "lrs.statement", 
        "fields": {
            "verb": 2, 
            "statement_id": "50aba58d-4716-4e52-a279-d7b20f07efe2", 
            "timestamp": "2013-04-08T20:47:36.129Z", 
            "actor": 2, 
            "voided": false, 
            "stored": "2013-04-08T20:47:36.129Z", 
            "stmt_object": 3, 
            "authority": 2, 
            "version": "1.0", 
            "user": 1
        }
    }, 
    {
        "pk": 6, 
        "model": "lrs.statement", 
        "fields": {
            "verb": 2, 
            "statement_id": "01107ceb-e47d-41b4-9c33-99ed8e01f4b6", 
            "timestamp": "2013-04-08T20:48:50.090Z", 
            "actor": 2, 
            "voided": false, 
            "stored": "2013-04-08T20:48:50.090Z", 
            "stmt_object": 4, 
            "authority": 2, 
            "version": "1.0", 
            "user": 1
        }
    }, 
    {
        "pk": 7, 
        "model": "lrs.statement", 
        "fields": {
            "verb": 2, 
            "statement_id": "a00be195-a2a0-4f62-99e1-8043a07a298c", 
            "timestamp": "2013-04-08T20:49:27.109Z", 
            "actor": 2, 
            "voided": false, 
            "stored": "2013-04-08T20:49:27.109Z", 
            "stmt_object": 5, 
            "authority": 2, 
            "version": "1.0", 
            "user": 1
        }
    }, 
    {
        "pk": 8, 
        "model": "lrs.statement", 
        "fields": {
            "verb": 2, 
            "statement_id": "c334653c-c0d4-4a46-ad87-144fc5476c1b", 
            "timestamp": "2013-04-08T20:50:11.757Z", 
            "actor": 2, 
            "voided": false, 
            "stored": "2013-04-08T20:50:11.758Z", 
            "stmt_object": 6, 
            "authority": 2, 
            "version": "1.0", 
            "user": 1
        }
    }, 
    {
        "pk": 9, 
        "model": "lrs.statement", 
        "fields": {
            "verb": 2, 
            "statement_id": "ec6a3954-bd55-44b4-81f0-faa4bef1615e", 
            "timestamp": "2013-04-08T20:51:04.259Z", 
            "actor": 2, 
            "voided": false, 
            "stored": "2013-04-08T20:51:04.259Z", 
            "stmt_object": 7, 
            "authority": 2, 
            "version": "1.0", 
            "user": 1
        }
    }, 
    {
        "pk": 10, 
        "model": "lrs.statement", 
        "fields": {
            "verb": 2, 
            "statement_id": "e6a30d57-c556-4065-a01c-ca8d433b5fab", 
            "timestamp": "2013-04-08T20:51:53.294Z", 
            "actor": 2, 
            "voided": false, 
            "stored": "2013-04-08T20:51:53.294Z", 
            "stmt_object": 8, 
            "authority": 2, 
            "version": "1.0", 
            "user": 1
        }
    }, 
    {
        "pk": 11, 
        "model": "lrs.statement", 
        "fields": {
            "verb": 2, 
            "statement_id": "5d359a2f-8c5a-4767-acdd-487a4cafc62b", 
            "timestamp": "2013-04-08T20:52:54.881Z", 
            "actor": 2, 
            "voided": false, 
            "stored": "2013-04-08T20:52:54.881Z", 
            "stmt_object": 9, 
            "authority": 2, 
            "version": "1.0", 
            "user": 1
        }
    }, 
    {
        "pk": 12, 
        "model": "lrs.statement", 
        "fields": {
            "verb": 2, 
            "statement_id": "4f4948c7-34b0-4c88-9887-9fd1703ca3a8", 
            "timestamp": "2013-04-08T20:53:56.125Z", 
            "actor": 2, 
            "voided": false, 
            "stored": "2013-04-08T20:53:56.125Z", 
            "stmt_object": 10, 
            "authority": 2, 
            "version": "1.0", 
            "user": 1
        }
    }, 
    {
        "pk": 13, 
        "model": "lrs.statement", 
        "fields": {
            "verb": 2, 
            "statement_id": "7b0265ab-9a3f-4cf9-85a2-298a7dcfecc7", 
            "timestamp": "2013-04-08T20:54:56.909Z", 
            "actor": 2, 
            "voided": false, 
            "stored": "2013-04-08T20:54:56.909Z", 
            "stmt_object": 11, 
            "authority": 2, 
            "version": "1.0", 
            "user": 1
        }
    }, 
    {
        "pk": 14, 
        "model": "lrs.statement", 
        "fields": {
            "verb": 2, 
            "statement_id": "8230440a-382e-48c0-bc63-0cf63220d1a8", 
            "timestamp": "2013-04-08T20:56:04.888Z", 
            "actor": 2, 
            "voided": false, 
            "stored": "2013-04-08T20:56:04.888Z", 
            "stmt_object": 12, 
            "authority": 2, 
            "version": "1.0", 
            "user": 1
        }
    }, 
    {
        "pk": 15, 
        "model": "lrs.statement", 
        "fields": {
            "verb": 2, 
            "statement_id": "fae34e37-9120-460b-abee-a2fd6a49d827", 
            "timestamp": "2013-04-08T20:58:09.440Z", 
            "actor": 2, 
            "voided": false, 
            "stored": "2013-04-08T20:58:09.440Z", 
            "stmt_object": 13, 
            "authority": 2, 
            "version": "1.0", 
            "user": 1
        }
    }, 
    {
        "pk": 16, 
        "model": "lrs.statement", 
        "fields": {
            "verb": 2, 
            "statement_id": "fade8c69-14b0-49e0-abc5-de187de89239", 
            "timestamp": "2013-04-08T20:59:15.659Z", 
            "actor": 2, 
            "voided": false, 
            "stored": "2013-04-08T20:59:15.659Z", 
            "stmt_object": 14, 
            "authority": 2, 
            "version": "1.0", 
            "user": 1
        }
    }, 
    {
        "pk": 17, 
        "model": "lrs.statement", 
        "fields": {
            "verb": 2, 
            "statement_id": "e0435b72-6662-4dc1-957f-38b02df8bfa1", 
            "timestamp": "2013-04-08T21:00:31.849Z", 
            "actor": 2, 
            "voided": false, 
            "stored": "2013-04-08T21:00:31.849Z", 
            "stmt_object": 15, 
            "authority": 2, 
            "version": "1.0", 
            "user": 1
        }
    }, 
    {
        "pk": 18, 
        "model": "lrs.statement", 
        "fields": {
            "verb": 2, 
            "statement_id": "a0190b1d-101c-4f47-92fa-3e8034b97cf9", 
            "timestamp": "2013-04-08T21:01:46.332Z", 
            "actor": 2, 
            "voided": false, 
            "stored": "2013-04-08T21:01:46.332Z", 
            "stmt_object": 16, 
            "authority": 2, 
            "version": "1.0", 
            "user": 1
        }
    }, 
    {
        "pk": 19, 
        "model": "lrs.statement", 
        "fields": {
            "verb": 2, 
            "statement_id": "a3e0139e-a434-4c19-8059-5fb2123b3472", 
            "timestamp": "2013-04-08T21:03:01.014Z", 
            "actor": 2, 
            "voided": false, 
            "stored": "2013-04-08T21:03:01.014Z", 
            "stmt_object": 17, 
            "authority": 2, 
            "version": "1.0", 
            "user": 1
        }
    }, 
    {
        "pk": 20, 
        "model": "lrs.statement", 
        "fields": {
            "verb": 2, 
            "statement_id": "6df3ebdb-2b13-4e52-b6b3-625a0d397453", 
            "timestamp": "2013-04-08T21:04:26.839Z", 
            "actor": 2, 
            "voided": false, 
            "stored": "2013-04-08T21:04:26.839Z", 
            "stmt_object": 18, 
            "authority": 2, 
            "version": "1.0", 
            "user": 1
        }
    }, 
    {
        "pk": 21, 
        "model": "lrs.statement", 
        "fields": {
            "verb": 2, 
            "statement_id": "c86be076-d076-4a73-851e-80e148fd998c", 
            "timestamp": "2013-04-08T21:05:48.869Z", 
            "actor": 2, 
            "voided": false, 
            "stored": "2013-04-08T21:05:48.869Z", 
            "stmt_object": 19, 
            "authority": 2, 
            "version": "1.0", 
            "user": 1
        }
    }, 
    {
        "pk": 22, 
        "model": "lrs.statement", 
        "fields": {
            "verb": 2, 
            "statement_id": "d9d0018e-df8c-4621-8f6a-1b496defdf71", 
            "timestamp": "2013-04-08T21:07:11.459Z", 
            "actor": 2, 
            "voided": false, 
            "stored": "2013-04-08T21:07:11.459Z", 
            "stmt_object": 20, 
            "authority": 2, 
            "version": "1.0", 
            "user": 1
        }
    }, 
    {
        "pk": 23, 
        "model": "lrs.statement", 
        "fields": {
            "verb": 3, 
            "statement_id": "da54afcd-08f2-4494-88e0-7ca9e5521d51", 
            "timestamp": "2013-04-08T21:07:20.392Z", 
            "actor": 2, 
            "voided": false, 
            "stored": "2013-04-08T21:07:20.393Z", 
            "stmt_object": 1, 
            "authority": 2, 
            "version": "1.0", 
            "user": 1
        }
    }, 
    {
        "pk": 25, 
        "model": "lrs.statement", 
        "fields": {
            "verb": 5, 
            "statement_id": "50de516aa09511e2a24b08002787eb49", 
            "timestamp": "2013-04-08T21:43:14.185Z", 
            "actor": 24, 
            "voided": false, 
            "stored": "2013-04-08T21:43:14.186Z", 
            "stmt_object": 23, 
            "authority": 2, 
            "version": "1.0", 
            "user": 1
        }
    }, 
    {
        "pk": 29, 
        "model": "lrs.statement", 
        "fields": {
            "verb": 5, 
            "statement_id": "0e981f20a10d11e2b2f908002787eb49", 
            "timestamp": "2013-04-09T12:00:22.603Z", 
            "actor": 24, 
            "voided": false, 
            "stored": "2013-04-09T12:00:22.604Z", 
            "stmt_object": 25, 
            "authority": 2, 
            "version": "1.0", 
            "user": 1
        }
    }, 
    {
        "pk": 34, 
        "model": "lrs.statement", 
        "fields": {
            "verb": 5, 
            "statement_id": "3d0613b2a22511e2982a08002787eb49", 
            "timestamp": "2013-04-10T21:25:59.583Z", 
            "actor": 31, 
            "voided": false, 
            "stored": "2013-04-10T21:25:59.584Z", 
            "stmt_object": 25, 
            "authority": 2, 
            "version": "1.0", 
            "user": 1
        }
    }, 
    {
        "pk": 35, 
        "model": "lrs.statement", 
        "fields": {
            "verb": 8, 
            "statement_id": "6a574b1aa22511e29f0408002787eb49", 
            "timestamp": "2013-04-10T21:27:15.613Z", 
            "actor": 31, 
            "voided": false, 
            "stored": "2013-04-10T21:27:15.614Z", 
            "stmt_object": 25, 
            "authority": 2, 
            "version": "1.0", 
            "user": 1
        }
    }, 
    {
        "pk": 36, 
        "model": "lrs.statement", 
        "fields": {
            "verb": 9, 
            "statement_id": "98fc6518a22511e28a7f08002787eb49", 
            "timestamp": "2013-04-10T21:28:33.870Z", 
            "actor": 35, 
            "voided": false, 
            "stored": "2013-04-10T21:28:33.871Z", 
            "stmt_object": 34, 
            "authority": 2, 
            "version": "1.0", 
            "user": 1
        }
    }, 
    {
        "pk": 37, 
        "model": "lrs.statement", 
        "fields": {
            "verb": 10, 
            "statement_id": "00fbf7d2a2b711e2a12a08002787eb49", 
            "timestamp": "2013-04-11T14:49:25.376Z", 
            "actor": 40, 
            "voided": false, 
            "stored": "2013-04-11T14:49:25.377Z", 
            "stmt_object": 39, 
            "authority": 2, 
            "version": "1.0", 
            "user": 1
        }
    }, 
    {
        "pk": 38, 
        "model": "lrs.statement", 
        "fields": {
            "verb": 13, 
            "statement_id": "e5d76732a2fe11e2869f08002787eb49", 
            "timestamp": "2013-04-11T23:24:03.603Z", 
            "actor": 32, 
            "voided": false, 
            "stored": "2013-04-11T23:24:03.603Z", 
            "stmt_object": 43, 
            "authority": 2, 
            "version": "1.0", 
            "user": 1
        }
    }
]